{
    "display": {
        "icon": {
            "item": "minecraft:leather"
        },
        "title": {"translate":"Cow Tipper"},
        "description": {"translate":"Harvest some leather"}
    },
    "parent": "minecraft:husbandry/root",
	"rewards": {
		"function": "bc_rewards:animal/cow_tipper"
    },		
    "criteria": {
        "leather": {
            "trigger": "minecraft:inventory_changed",
            "conditions": {
                "items": [
                    {
						"items": [
							"minecraft:leather"
						]
                    }
                ]
            }
        }
    }
}