{
    "display": {
        "icon": {
            "item": "minecraft:bundle"
        },
        "title": {"translate":"Humble Bundle"},
        "description": {"color":"light_purple","translate":"Craft a Bundle using Rabbit Hide and String"},
		"hidden": "true"
    },
    "parent": "blazeandcave:animal/bunny_lover",
	"rewards": {
		"function": "bc_rewards:animal/humble_bundle"
    },		
    "criteria": {
        "bundle": {
            "trigger": "minecraft:inventory_changed",
            "conditions": {
                "items": [
                    {
						"items": [
							"minecraft:bundle"
						]
                    }
                ]
            }
        }
    }
}