{
    "display": {
        "icon": {
            "item": "minecraft:bowl"
        },
        "title": {"translate":"Just Keeps Going"},
        "description": {"translate":"Eat Rabbit Stew, then avoid eating for the next 3 in-game days"},
		"frame": "challenge"
    },
    "parent": "blazeandcave:animal/going_down_the_rabbit_hole",
	"rewards": {
		"function": "bc_rewards:animal/just_keeps_going"
    },		
    "criteria": {
        "just_keeps_going": {
            "trigger": "minecraft:impossible"
        }
    }
}