{
    "display": {
        "icon": {
            "item": "minecraft:spawner"
        },
        "title": {"translate":"NOT THE BEES!"},
        "description": {"translate":"Get stung to death by bees"},
		"hidden": "false"
    },
    "parent": "blazeandcave:animal/hive_mind",
    "rewards": {
        "function": "bc_rewards:animal/not_the_bees"
    },		
    "criteria": {
        "iron_golem": {
            "trigger": "minecraft:entity_killed_player",
            "conditions": {
                "entity": {
                    "type": "bee"
                }
            }
        }
    }
}