{
    "display": {
        "icon": {
            "item": "minecraft:pig_spawn_egg"
        },
        "title": {"translate":"Pig Slaughterer"},
        "description": {"color":"#75E1FF","translate":"Collect a stack of raw porkchops"},
		"frame": "goal"
    },
    "parent": "blazeandcave:animal/when_pigs_used_to_fly",
    "rewards": {
		"function": "bc_rewards:animal/pig_slaughterer"
    },		
    "criteria": {
        "porkchop": {
            "trigger": "minecraft:inventory_changed",
            "conditions": {
                "items": [
                    {
						"items": [
							"minecraft:porkchop"
						],
						"count": 64
                    }
                ]
            }
        }		
    }	
}