{
    "display": {
        "icon": {
            "item": "minecraft:light_gray_carpet"
        },
        "title": {"translate":"Stay Calmer"},
        "description": {"translate":"Tame a llama"}
    },
    "parent": "minecraft:husbandry/root",
	"rewards": {
		"function": "bc_rewards:animal/stay_calmer"
    },		
    "criteria": {
        "tamed_animal": {
            "trigger": "minecraft:tame_animal",
            "conditions": {
                "entity": {
                    "type": "#blazeandcave:llamas"
                }
			}
        }
    }
}