{
    "display": {
        "icon": {
            "item": "minecraft:netherite_boots"
        },
        "title": {"translate":"Explorer of Worlds"},
        "description": {"color":"#FF2A2A","translate":"Discover every biome including special biomes"},
        "frame": "challenge"
    },
    "parent": "blazeandcave:challenges/a_million_blocks_away",	
    "rewards": {
		"function": "bc_rewards:challenges/explorer_of_worlds"
    },	
    "criteria": {
        "birch_forest_hills": {
            "trigger": "minecraft:location",
            "conditions": {
                "biome": "minecraft:birch_forest_hills"
            }
        },
        "river": {
            "trigger": "minecraft:location",
            "conditions": {
                "biome": "minecraft:river"
            }
        },
        "swamp": {
            "trigger": "minecraft:location",
            "conditions": {
                "biome": "minecraft:swamp"
            }
        },
        "desert": {
            "trigger": "minecraft:location",
            "conditions": {
                "biome": "minecraft:desert"
            }
        },
        "wooded_hills": {
            "trigger": "minecraft:location",
            "conditions": {
                "biome": "minecraft:wooded_hills"
            }
        },
        "giant_tree_taiga_hills": {
            "trigger": "minecraft:location",
            "conditions": {
                "biome": "minecraft:giant_tree_taiga_hills"
            }
        },
        "snowy_taiga": {
            "trigger": "minecraft:location",
            "conditions": {
                "biome": "minecraft:snowy_taiga"
            }
        },
        "badlands": {
            "trigger": "minecraft:location",
            "conditions": {
                "biome": "minecraft:badlands"
            }
        },
        "forest": {
            "trigger": "minecraft:location",
            "conditions": {
                "biome": "minecraft:forest"
            }
        },
        "stone_shore": {
            "trigger": "minecraft:location",
            "conditions": {
                "biome": "minecraft:stone_shore"
            }
        },
        "snowy_tundra": {
            "trigger": "minecraft:location",
            "conditions": {
                "biome": "minecraft:snowy_tundra"
            }
        },
        "taiga_hills": {
            "trigger": "minecraft:location",
            "conditions": {
                "biome": "minecraft:taiga_hills"
            }
        },
        "snowy_mountains": {
            "trigger": "minecraft:location",
            "conditions": {
                "biome": "minecraft:snowy_mountains"
            }
        },
        "wooded_badlands_plateau": {
            "trigger": "minecraft:location",
            "conditions": {
                "biome": "minecraft:wooded_badlands_plateau"
            }
        },
        "savanna": {
            "trigger": "minecraft:location",
            "conditions": {
                "biome": "minecraft:savanna"
            }
        },
        "plains": {
            "trigger": "minecraft:location",
            "conditions": {
                "biome": "minecraft:plains"
            }
        },
        "frozen_river": {
            "trigger": "minecraft:location",
            "conditions": {
                "biome": "minecraft:frozen_river"
            }
        },
        "giant_tree_taiga": {
            "trigger": "minecraft:location",
            "conditions": {
                "biome": "minecraft:giant_tree_taiga"
            }
        },
        "snowy_beach": {
            "trigger": "minecraft:location",
            "conditions": {
                "biome": "minecraft:snowy_beach"
            }
        },
        "deep_ocean": {
            "trigger": "minecraft:location",
            "conditions": {
                "biome": "minecraft:deep_ocean"
            }
        },
        "jungle_hills": {
            "trigger": "minecraft:location",
            "conditions": {
                "biome": "minecraft:jungle_hills"
            }
        },
        "jungle_edge": {
            "trigger": "minecraft:location",
            "conditions": {
                "biome": "minecraft:jungle_edge"
            }
        },
        "ocean": {
            "trigger": "minecraft:location",
            "conditions": {
                "biome": "minecraft:ocean"
            }
        },
        "mushroom_field_shore": {
            "trigger": "minecraft:location",
            "conditions": {
                "biome": "minecraft:mushroom_field_shore"
            }
        },
        "mountains": {
            "trigger": "minecraft:location",
            "conditions": {
                "biome": "minecraft:mountains"
            }
        },
        "desert_hills": {
            "trigger": "minecraft:location",
            "conditions": {
                "biome": "minecraft:desert_hills"
            }
        },
        "jungle": {
            "trigger": "minecraft:location",
            "conditions": {
                "biome": "minecraft:jungle"
            }
        },
        "beach": {
            "trigger": "minecraft:location",
            "conditions": {
                "biome": "minecraft:beach"
            }
        },
        "savanna_plateau": {
            "trigger": "minecraft:location",
            "conditions": {
                "biome": "minecraft:savanna_plateau"
            }
        },
        "snowy_taiga_hills": {
            "trigger": "minecraft:location",
            "conditions": {
                "biome": "minecraft:snowy_taiga_hills"
            }
        },
        "badlands_plateau": {
            "trigger": "minecraft:location",
            "conditions": {
                "biome": "minecraft:badlands_plateau"
            }
        },
        "dark_forest": {
            "trigger": "minecraft:location",
            "conditions": {
                "biome": "minecraft:dark_forest"
            }
        },
        "taiga": {
            "trigger": "minecraft:location",
            "conditions": {
                "biome": "minecraft:taiga"
            }
        },
        "birch_forest": {
            "trigger": "minecraft:location",
            "conditions": {
                "biome": "minecraft:birch_forest"
            }
        },
        "mushroom_fields": {
            "trigger": "minecraft:location",
            "conditions": {
                "biome": "minecraft:mushroom_fields"
            }
        },
        "wooded_mountains": {
            "trigger": "minecraft:location",
            "conditions": {
                "biome": "minecraft:wooded_mountains"
            }
        },
        "cold_ocean": {
            "trigger": "minecraft:location",
            "conditions": {
                "biome": "minecraft:cold_ocean"
            }
        },
        "warm_ocean": {
            "trigger": "minecraft:location",
            "conditions": {
                "biome": "minecraft:warm_ocean"
            }
        },
        "lukewarm_ocean": {
            "trigger": "minecraft:location",
            "conditions": {
                "biome": "minecraft:lukewarm_ocean"
            }
        },
        "frozen_ocean": {
            "trigger": "minecraft:location",
            "conditions": {
                "biome": "minecraft:frozen_ocean"
            }
        },
        "deep_frozen_ocean": {
            "trigger": "minecraft:location",
            "conditions": {
                "biome": "minecraft:deep_frozen_ocean"
            }
        },
        "deep_lukewarm_ocean": {
            "trigger": "minecraft:location",
            "conditions": {
                "biome": "minecraft:deep_lukewarm_ocean"
            }
        },
        "deep_cold_ocean": {
            "trigger": "minecraft:location",
            "conditions": {
                "biome": "minecraft:deep_cold_ocean"
            }
        },
        "bamboo_jungle": {
            "trigger": "minecraft:location",
            "conditions": {
                "biome": "minecraft:bamboo_jungle"
            }
        },
        "bamboo_jungle_hills": {
            "trigger": "minecraft:location",
            "conditions": {
                "biome": "minecraft:bamboo_jungle_hills"
            }
        },
        "sunflower_plains": {
            "trigger": "minecraft:location",
            "conditions": {
                "biome": "minecraft:sunflower_plains"
            }
        },
        "desert_lakes": {
            "trigger": "minecraft:location",
            "conditions": {
                "biome": "minecraft:desert_lakes"
            }
        },
        "gravelly_mountains": {
            "trigger": "minecraft:location",
            "conditions": {
                "biome": "minecraft:gravelly_mountains"
            }
        },
        "flower_forest": {
            "trigger": "minecraft:location",
            "conditions": {
                "biome": "minecraft:flower_forest"
            }
        },
        "taiga_mountains": {
            "trigger": "minecraft:location",
            "conditions": {
                "biome": "minecraft:taiga_mountains"
            }
        },
        "swamp_hills": {
            "trigger": "minecraft:location",
            "conditions": {
                "biome": "minecraft:swamp_hills"
            }
        },
        "ice_spikes": {
            "trigger": "minecraft:location",
            "conditions": {
                "biome": "minecraft:ice_spikes"
            }
        },
        "modified_jungle": {
            "trigger": "minecraft:location",
            "conditions": {
                "biome": "minecraft:modified_jungle"
            }
        },
        "tall_birch_forest": {
            "trigger": "minecraft:location",
            "conditions": {
                "biome": "minecraft:tall_birch_forest"
            }
        },
        "tall_birch_hills": {
            "trigger": "minecraft:location",
            "conditions": {
                "biome": "minecraft:tall_birch_hills"
            }
        },
        "dark_forest_hills": {
            "trigger": "minecraft:location",
            "conditions": {
                "biome": "minecraft:dark_forest_hills"
            }
        },
        "snowy_taiga_mountains": {
            "trigger": "minecraft:location",
            "conditions": {
                "biome": "minecraft:snowy_taiga_mountains"
            }
        },
        "giant_spruce_taiga": {
            "trigger": "minecraft:location",
            "conditions": {
                "biome": "minecraft:giant_spruce_taiga"
            }
        },
        "giant_spruce_taiga_hills": {
            "trigger": "minecraft:location",
            "conditions": {
                "biome": "minecraft:giant_spruce_taiga_hills"
            }
        },
        "modified_gravelly_mountains": {
            "trigger": "minecraft:location",
            "conditions": {
                "biome": "minecraft:modified_gravelly_mountains"
            }
        },
        "shattered_savanna": {
            "trigger": "minecraft:location",
            "conditions": {
                "biome": "minecraft:shattered_savanna"
            }
        },
        "shattered_savanna_plateau": {
            "trigger": "minecraft:location",
            "conditions": {
                "biome": "minecraft:shattered_savanna_plateau"
            }
        },
        "eroded_badlands": {
            "trigger": "minecraft:location",
            "conditions": {
                "biome": "minecraft:eroded_badlands"
            }
        },
        "modified_wooded_badlands_plateau": {
            "trigger": "minecraft:location",
            "conditions": {
                "biome": "minecraft:modified_wooded_badlands_plateau"
            }
        },
        "modified_badlands_plateau": {
            "trigger": "minecraft:location",
            "conditions": {
                "biome": "minecraft:modified_badlands_plateau"
            }
        }
    }
}