{
    "display": {
        "icon": {
            "item": "minecraft:totem_of_undying"
        },
        "title": {"translate":"Immortal"},
        "description": {"color":"#FF2A2A","translate":"Fill your entire inventory with Totems of Undying"},
		"frame": "challenge"
    },
    "parent": "blazeandcave:challenges/the_world_is_ending",
	"rewards": {
		"function": "bc_rewards:challenges/immortal"
    },		
    "criteria": {
        "totem_inventory": {
            "trigger": "minecraft:impossible"
        }
    }
}