{
    "display": {
        "icon": {
            "item": "minecraft:leather_chestplate",
			"nbt": "{display:{color:16383998}}"
        },
        "title": {"translate":"Kung Fu Panda!"},
        "description": {"translate":"Get beaten up by an angry panda"},
		"hidden": "false"
    },
    "parent": "blazeandcave:biomes/zoologist",
    "rewards": {
        "function": "bc_rewards:biomes/kung_fu_panda"
    },		
    "criteria": {
        "panda": {
            "trigger": "minecraft:entity_killed_player",
            "conditions": {
                "entity": {
                    "type": "panda"
                }
            }
        }
    }
}