{
    "display": {
        "icon": {
            "item": "minecraft:snowball"
        },
        "title": {"translate":"Snow Feet"},
        "description": {"color":"#75E1FF","translate":"Discover every snowy biome"},
        "frame": "goal"
    },
    "parent": "blazeandcave:biomes/warm_feet",	
    "rewards": {
		"function": "bc_rewards:biomes/snow_feet"
    },	
    "criteria": {
        "snowy_taiga": {
            "trigger": "minecraft:location",
            "conditions": {
                "biome": "minecraft:snowy_taiga"
            }
        },
        "snowy_tundra": {
            "trigger": "minecraft:location",
            "conditions": {
                "biome": "minecraft:snowy_tundra"
            }
        },
        "snowy_mountains": {
            "trigger": "minecraft:location",
            "conditions": {
                "biome": "minecraft:snowy_mountains"
            }
        },
        "frozen_river": {
            "trigger": "minecraft:location",
            "conditions": {
                "biome": "minecraft:frozen_river"
            }
        },
        "snowy_beach": {
            "trigger": "minecraft:location",
            "conditions": {
                "biome": "minecraft:snowy_beach"
            }
        },
        "snowy_taiga_hills": {
            "trigger": "minecraft:location",
            "conditions": {
                "biome": "minecraft:snowy_taiga_hills"
            }
        }		
    }
}