{
    "display": {
        "icon": {
            "item": "minecraft:dead_bush"
        },
        "title": {"translate":"Warm Feet"},
        "description": {"color":"#75E1FF","translate":"Discover every dry biome"},
        "frame": "goal"
    },
    "parent": "blazeandcave:biomes/cold_feet",	
    "rewards": {
		"function": "bc_rewards:biomes/warm_feet"
    },	
    "criteria": {
        "desert": {
            "trigger": "minecraft:location",
            "conditions": {
                "biome": "minecraft:desert"
            }
        },
        "badlands": {
            "trigger": "minecraft:location",
            "conditions": {
                "biome": "minecraft:badlands"
            }
        },
        "wooded_badlands_plateau": {
            "trigger": "minecraft:location",
            "conditions": {
                "biome": "minecraft:wooded_badlands_plateau"
            }
        },
        "savanna": {
            "trigger": "minecraft:location",
            "conditions": {
                "biome": "minecraft:savanna"
            }
        },
        "desert_hills": {
            "trigger": "minecraft:location",
            "conditions": {
                "biome": "minecraft:desert_hills"
            }
        },
        "savanna_plateau": {
            "trigger": "minecraft:location",
            "conditions": {
                "biome": "minecraft:savanna_plateau"
            }
        },
        "badlands_plateau": {
            "trigger": "minecraft:location",
            "conditions": {
                "biome": "minecraft:badlands_plateau"
            }
        }
    }
}