{
    "display": {
        "icon": {
            "item": "minecraft:water_bucket"
        },
        "title": {"translate":"Wet Feet"},
        "description": {"color":"#75E1FF","translate":"Discover every water biome"},
        "frame": "goal"
    },
    "parent": "blazeandcave:biomes/overgrown",	
    "rewards": {
		"function": "bc_rewards:biomes/wet_feet"
    },	
    "criteria": {
        "river": {
            "trigger": "minecraft:location",
            "conditions": {
                "biome": "minecraft:river"
            }
        },
        "deep_ocean": {
            "trigger": "minecraft:location",
            "conditions": {
                "biome": "minecraft:deep_ocean"
            }
        },
        "ocean": {
            "trigger": "minecraft:location",
            "conditions": {
                "biome": "minecraft:ocean"
            }
        },
        "stone_shore": {
            "trigger": "minecraft:location",
            "conditions": {
                "biome": "minecraft:stone_shore"
            }
        },
        "beach": {
            "trigger": "minecraft:location",
            "conditions": {
                "biome": "minecraft:beach"
            }
        },
        "deep_frozen_ocean": {
            "trigger": "minecraft:location",
            "conditions": {
                "biome": "minecraft:deep_frozen_ocean"
            }
        },
        "frozen_ocean": {
            "trigger": "minecraft:location",
            "conditions": {
                "biome": "minecraft:frozen_ocean"
            }
        },
        "cold_ocean": {
            "trigger": "minecraft:location",
            "conditions": {
                "biome": "minecraft:cold_ocean"
            }
        },
        "deep_cold_ocean": {
            "trigger": "minecraft:location",
            "conditions": {
                "biome": "minecraft:deep_cold_ocean"
            }
        },
        "lukewarm_ocean": {
            "trigger": "minecraft:location",
            "conditions": {
                "biome": "minecraft:lukewarm_ocean"
            }
        },
        "deep_lukewarm_ocean": {
            "trigger": "minecraft:location",
            "conditions": {
                "biome": "minecraft:deep_lukewarm_ocean"
            }
        },
        "warm_ocean": {
            "trigger": "minecraft:location",
            "conditions": {
                "biome": "minecraft:warm_ocean"
            }
        }	
    }
}