{
    "display": {
        "icon": {
            "item": "minecraft:bread"
        },
        "title": {"translate":"Bake Bread"},
        "description": {"translate":"Grow wheat and use it to bake bread"}
    },
    "parent": "minecraft:husbandry/plant_seed",
	"rewards": {
		"function": "bc_rewards:farming/bake_bread"
    },		
    "criteria": {
        "bread": {
            "trigger": "minecraft:inventory_changed",
            "conditions": {
                "items": [
                    {
						"items": [
							"minecraft:bread"
						]
                    }
                ]
            }
        }
    }
}