{
    "display": {
        "icon": {
            "item": "minecraft:bone_meal"
        },
        "title": {"translate":"Combine Harvester"},
        "description": {"translate":"Use bone meal on everything that can be grown"},
		"frame": "challenge"
    },
    "parent": "blazeandcave:farming/one_course_meal",
	"rewards": {
		"function": "bc_rewards:farming/combine_harvester"
    },
    "criteria": {
        "wheat": {
			"trigger": "minecraft:item_used_on_block",
			"conditions": {
				"location": {
					"block": {
						"blocks": [
							"minecraft:wheat"
						]
					}
				},
				"item": {
					"items": [
						"minecraft:bone_meal"
					]
				}
			}
		},
        "carrots": {
			"trigger": "minecraft:item_used_on_block",
			"conditions": {
				"location": {
					"block": {
						"blocks": [
							"minecraft:carrots"
						]
					}
				},
				"item": {
					"items": [
						"minecraft:bone_meal"
					]
				}
			}
		},
        "potatoes": {
			"trigger": "minecraft:item_used_on_block",
			"conditions": {
				"location": {
					"block": {
						"blocks": [
							"minecraft:potatoes"
						]
					}
				},
				"item": {
					"items": [
						"minecraft:bone_meal"
					]
				}
			}
		},
        "beetroots": {
			"trigger": "minecraft:item_used_on_block",
			"conditions": {
				"location": {
					"block": {
						"blocks": [
							"minecraft:beetroots"
						]
					}
				},
				"item": {
					"items": [
						"minecraft:bone_meal"
					]
				}
			}
		},
        "bamboo": {
			"trigger": "minecraft:item_used_on_block",
			"conditions": {
				"location": {
					"block": {
						"tag": "blazeandcave:ch_bamboos"
					}
				},
				"item": {
					"items": [
						"minecraft:bone_meal"
					]
				}
			}
		},
        "melon_stem": {
			"trigger": "minecraft:item_used_on_block",
			"conditions": {
				"location": {
					"block": {
						"tag": "blazeandcave:ch_melon_stems"
					}
				},
				"item": {
					"items": [
						"minecraft:bone_meal"
					]
				}
			}
		},
        "pumpkin_stem": {
			"trigger": "minecraft:item_used_on_block",
			"conditions": {
				"location": {
					"block": {
						"tag": "blazeandcave:ch_pumpkin_stems"
					}
				},
				"item": {
					"items": [
						"minecraft:bone_meal"
					]
				}
			}
		},
        "oak_sapling": {
			"trigger": "minecraft:item_used_on_block",
			"conditions": {
				"location": {
					"block": {
						"tag": "blazeandcave:ch_oak_saplings"
					}
				},
				"item": {
					"items": [
						"minecraft:bone_meal"
					]
				}
			}
		},
        "spruce_sapling": {
			"trigger": "minecraft:item_used_on_block",
			"conditions": {
				"location": {
					"block": {
						"tag": "blazeandcave:ch_spruce_saplings"
					}
				},
				"item": {
					"items": [
						"minecraft:bone_meal"
					]
				}
			}
		},
        "birch_sapling": {
			"trigger": "minecraft:item_used_on_block",
			"conditions": {
				"location": {
					"block": {
						"tag": "blazeandcave:ch_birch_saplings"
					}
				},
				"item": {
					"items": [
						"minecraft:bone_meal"
					]
				}
			}
		},
        "jungle_sapling": {
			"trigger": "minecraft:item_used_on_block",
			"conditions": {
				"location": {
					"block": {
						"tag": "blazeandcave:ch_jungle_saplings"
					}
				},
				"item": {
					"items": [
						"minecraft:bone_meal"
					]
				}
			}
		},
        "acacia_sapling": {
			"trigger": "minecraft:item_used_on_block",
			"conditions": {
				"location": {
					"block": {
						"tag": "blazeandcave:ch_acacia_saplings"
					}
				},
				"item": {
					"items": [
						"minecraft:bone_meal"
					]
				}
			}
		},
        "dark_oak_sapling": {
			"trigger": "minecraft:item_used_on_block",
			"conditions": {
				"location": {
					"block": {
						"tag": "blazeandcave:ch_dark_oak_saplings"
					}
				},
				"item": {
					"items": [
						"minecraft:bone_meal"
					]
				}
			}
		},
        "sunflower": {
			"trigger": "minecraft:item_used_on_block",
			"conditions": {
				"location": {
					"block": {
						"blocks": [
							"minecraft:sunflower"
						]
					}
				},
				"item": {
					"items": [
						"minecraft:bone_meal"
					]
				}
			}
		},
        "lilac": {
			"trigger": "minecraft:item_used_on_block",
			"conditions": {
				"location": {
					"block": {
						"blocks": [
							"minecraft:lilac"
						]
					}
				},
				"item": {
					"items": [
						"minecraft:bone_meal"
					]
				}
			}
		},
        "rose_bush": {
			"trigger": "minecraft:item_used_on_block",
			"conditions": {
				"location": {
					"block": {
						"blocks": [
							"minecraft:rose_bush"
						]
					}
				},
				"item": {
					"items": [
						"minecraft:bone_meal"
					]
				}
			}
		},
        "peony": {
			"trigger": "minecraft:item_used_on_block",
			"conditions": {
				"location": {
					"block": {
						"blocks": [
							"minecraft:peony"
						]
					}
				},
				"item": {
					"items": [
						"minecraft:bone_meal"
					]
				}
			}
		},
        "tall_grass": {
			"trigger": "minecraft:item_used_on_block",
			"conditions": {
				"location": {
					"block": {
						"blocks": [
							"minecraft:tall_grass"
						]
					}
				},
				"item": {
					"items": [
						"minecraft:bone_meal"
					]
				}
			}
		},
        "large_fern": {
			"trigger": "minecraft:item_used_on_block",
			"conditions": {
				"location": {
					"block": {
						"blocks": [
							"minecraft:large_fern"
						]
					}
				},
				"item": {
					"items": [
						"minecraft:bone_meal"
					]
				}
			}
		},
        "tall_seagrass": {
			"trigger": "minecraft:item_used_on_block",
			"conditions": {
				"location": {
					"block": {
						"blocks": [
							"minecraft:tall_seagrass"
						]
					}
				},
				"item": {
					"items": [
						"minecraft:bone_meal"
					]
				}
			}
		},
        "red_mushroom": {
			"trigger": "minecraft:item_used_on_block",
			"conditions": {
				"location": {
					"block": {
						"blocks": [
							"minecraft:red_mushroom"
						]
					}
				},
				"item": {
					"items": [
						"minecraft:bone_meal"
					]
				}
			}
		},
        "brown_mushroom": {
			"trigger": "minecraft:item_used_on_block",
			"conditions": {
				"location": {
					"block": {
						"blocks": [
							"minecraft:brown_mushroom"
						]
					}
				},
				"item": {
					"items": [
						"minecraft:bone_meal"
					]
				}
			}
		},
        "cocoa": {
			"trigger": "minecraft:item_used_on_block",
			"conditions": {
				"location": {
					"block": {
						"blocks": [
							"minecraft:cocoa"
						]
					}
				},
				"item": {
					"items": [
						"minecraft:bone_meal"
					]
				}
			}
		},
        "sweet_berry_bush": {
			"trigger": "minecraft:item_used_on_block",
			"conditions": {
				"location": {
					"block": {
						"blocks": [
							"minecraft:sweet_berry_bush"
						]
					}
				},
				"item": {
					"items": [
						"minecraft:bone_meal"
					]
				}
			}
		},
        "sea_pickle": {
			"trigger": "minecraft:item_used_on_block",
			"conditions": {
				"location": {
					"block": {
						"blocks": [
							"minecraft:sea_pickle"
						]
					}
				},
				"item": {
					"items": [
						"minecraft:bone_meal"
					]
				}
			}
		},
        "kelp": {
			"trigger": "minecraft:item_used_on_block",
			"conditions": {
				"location": {
					"block": {
						"tag": "blazeandcave:ch_kelps"
					}
				},
				"item": {
					"items": [
						"minecraft:bone_meal"
					]
				}
			}
		},
        "weeping_vines": {
			"trigger": "minecraft:item_used_on_block",
			"conditions": {
				"location": {
					"block": {
						"tag": "blazeandcave:ch_weeping_vines"
					}
				},
				"item": {
					"items": [
						"minecraft:bone_meal"
					]
				}
			}
		},
        "twisting_vines": {
			"trigger": "minecraft:item_used_on_block",
			"conditions": {
				"location": {
					"block": {
						"tag": "blazeandcave:ch_twisting_vines"
					}
				},
				"item": {
					"items": [
						"minecraft:bone_meal"
					]
				}
			}
		},
        "crimson_fungus": {
			"trigger": "minecraft:item_used_on_block",
			"conditions": {
				"location": {
					"block": {
						"tag": "blazeandcave:ch_crimson_fungus"
					}
				},
				"item": {
					"items": [
						"minecraft:bone_meal"
					]
				}
			}
		},
        "warped_fungus": {
			"trigger": "minecraft:item_used_on_block",
			"conditions": {
				"location": {
					"block": {
						"tag": "blazeandcave:ch_warped_fungus"
					}
				},
				"item": {
					"items": [
						"minecraft:bone_meal"
					]
				}
			}
		},
        "glow_lichen": {
			"trigger": "minecraft:item_used_on_block",
			"conditions": {
				"location": {
					"block": {
						"blocks": [
							"minecraft:glow_lichen"
						]
					}
				},
				"item": {
					"items": [
						"minecraft:bone_meal"
					]
				}
			}
		},
        "dripleaves": {
			"trigger": "minecraft:item_used_on_block",
			"conditions": {
				"location": {
					"block": {
						"tag": "blazeandcave:ch_dripleaves"
					}
				},
				"item": {
					"items": [
						"minecraft:bone_meal"
					]
				}
			}
		},
        "cave_vines": {
			"trigger": "minecraft:item_used_on_block",
			"conditions": {
				"location": {
					"block": {
						"tag": "blazeandcave:ch_cave_vines",
						"state": {
							"berries": "true"
						}
					}
				},
				"item": {
					"items": [
						"minecraft:bone_meal"
					]
				}
			}
		},
        "azalea": {
			"trigger": "minecraft:item_used_on_block",
			"conditions": {
				"location": {
					"block": {
						"blocks": [
							"minecraft:azalea"
						]
					}
				},
				"item": {
					"items": [
						"minecraft:bone_meal"
					]
				}
			}
		},
        "flowering_azalea": {
			"trigger": "minecraft:item_used_on_block",
			"conditions": {
				"location": {
					"block": {
						"blocks": [
							"minecraft:flowering_azalea"
						]
					}
				},
				"item": {
					"items": [
						"minecraft:bone_meal"
					]
				}
			}
		}
    }
}