{
    "display": {
        "icon": {
            "item": "minecraft:slime_ball"
        },
        "title": {"translate":"I'm gonna be sick!"},
        "description": {"color":"#75E1FF","translate":"Slurp every kind of suspicious stew"},
		"frame": "goal"
    },
    "parent": "blazeandcave:farming/suspicious_looking_stew",
	"rewards": {
		"function": "bc_rewards:farming/im_gonna_be_sick"
    },		
    "criteria": {
        "oxeye_daisy_stew": {
            "trigger": "minecraft:consume_item",
            "conditions": {
                "item": {
					"items": [
						"minecraft:suspicious_stew"
					],
					"nbt": "{Effects:[{EffectId:10b}]}"
                }
            }
        },
        "cornflower_stew": {
            "trigger": "minecraft:consume_item",
            "conditions": {
                "item": {
					"items": [
						"minecraft:suspicious_stew"
					],
					"nbt": "{Effects:[{EffectId:8b}]}"
                }
            }
        },
        "lily_of_the_valley_stew": {
            "trigger": "minecraft:consume_item",
            "conditions": {
                "item": {
					"items": [
						"minecraft:suspicious_stew"
					],
					"nbt": "{Effects:[{EffectId:19b}]}"
                }
            }
        },
        "wither_rose_stew": {
            "trigger": "minecraft:consume_item",
            "conditions": {
                "item": {
					"items": [
						"minecraft:suspicious_stew"
					],
					"nbt": "{Effects:[{EffectId:20b}]}"
                }
            }
        },
        "tulip_stew": {
            "trigger": "minecraft:consume_item",
            "conditions": {
                "item": {
					"items": [
						"minecraft:suspicious_stew"
					],
					"nbt": "{Effects:[{EffectId:18b}]}"
                }
            }
        },
        "azure_bluet_stew": {
            "trigger": "minecraft:consume_item",
            "conditions": {
                "item": {
					"items": [
						"minecraft:suspicious_stew"
					],
					"nbt": "{Effects:[{EffectId:15b}]}"
                }
            }
        },
        "allium_stew": {
            "trigger": "minecraft:consume_item",
            "conditions": {
                "item": {
					"items": [
						"minecraft:suspicious_stew"
					],
					"nbt": "{Effects:[{EffectId:12b}]}"
                }
            }
        },		
        "blue_orchid_dandelion_stew": {
            "trigger": "minecraft:consume_item",
            "conditions": {
                "item": {
					"items": [
						"minecraft:suspicious_stew"
					],
					"nbt": "{Effects:[{EffectId:23b}]}"
                }
            }
        },
        "poppy_stew": {
            "trigger": "minecraft:consume_item",
            "conditions": {
                "item": {
					"items": [
						"minecraft:suspicious_stew"
					],
					"nbt": "{Effects:[{EffectId:16b}]}"
                }
            }
        }
    }
}