{
    "display": {
        "icon": {
            "item": "minecraft:porkchop"
        },
        "title": {"translate":"Meat Lovers"},
        "description": {"color":"#75E1FF","translate":"Eat every type of meat, even if uncooked or rotten"},
        "frame": "goal"
    },
    "parent": "blazeandcave:farming/vegetarian",
    "rewards": {
		"function": "bc_rewards:farming/meat_lovers"
    },		
    "criteria": {
        "porkchop": {
            "trigger": "consume_item",
            "conditions": {
                "item": {
					"items": [
						"minecraft:porkchop"
					]
                }
            }
        },
        "cooked_porkchop": {
            "trigger": "consume_item",
            "conditions": {
                "item": {
					"items": [
						"minecraft:cooked_porkchop"
					]
                }
            }
        },
        "raw_cod": {
            "trigger": "consume_item",
            "conditions": {
                "item": {
					"items": [
						"minecraft:cod"
					]
                }
            }
        },
        "raw_salmon": {
            "trigger": "consume_item",
            "conditions": {
                "item": {
					"items": [
						"minecraft:salmon"
					]
                }
            }
        },
        "tropical_fish": {
            "trigger": "consume_item",
            "conditions": {
                "item": {
					"items": [
						"minecraft:tropical_fish"
					]
                }
            }
        },
        "pufferfish": {
            "trigger": "consume_item",
            "conditions": {
                "item": {
					"items": [
						"minecraft:pufferfish"
					]
                }
            }
        },
        "cooked_cod": {
            "trigger": "consume_item",
            "conditions": {
                "item": {
					"items": [
						"minecraft:cooked_cod"
					]
                }
            }
        },
        "cooked_salmon": {
            "trigger": "consume_item",
            "conditions": {
                "item": {
					"items": [
						"minecraft:cooked_salmon"
					]
                }
            }
        },
        "beef": {
            "trigger": "consume_item",
            "conditions": {
                "item": {
					"items": [
						"minecraft:beef"
					]
                }
            }
        },
        "cooked_beef": {
            "trigger": "consume_item",
            "conditions": {
                "item": {
					"items": [
						"minecraft:cooked_beef"
					]
                }
            }
        },
        "chicken": {
            "trigger": "consume_item",
            "conditions": {
                "item": {
					"items": [
						"minecraft:chicken"
					]
                }
            }
        },
        "cooked_chicken": {
            "trigger": "consume_item",
            "conditions": {
                "item": {
					"items": [
						"minecraft:cooked_chicken"
					]
                }
            }
        },
        "rotten_flesh": {
            "trigger": "consume_item",
            "conditions": {
                "item": {
					"items": [
						"minecraft:rotten_flesh"
					]
                }
            }
        },
        "spider_eye": {
            "trigger": "consume_item",
            "conditions": {
                "item": {
					"items": [
						"minecraft:spider_eye"
					]
                }
            }
        },
        "rabbit": {
            "trigger": "consume_item",
            "conditions": {
                "item": {
					"items": [
						"minecraft:rabbit"
					]
                }
            }
        },
        "cooked_rabbit": {
            "trigger": "consume_item",
            "conditions": {
                "item": {
					"items": [
						"minecraft:cooked_rabbit"
					]
                }
            }
        },
        "rabbit_stew": {
            "trigger": "consume_item",
            "conditions": {
                "item": {
					"items": [
						"minecraft:rabbit_stew"
					]
                }
            }
        },
        "mutton": {
            "trigger": "consume_item",
            "conditions": {
                "item": {
					"items": [
						"minecraft:mutton"
					]
                }
            }
        },
        "cooked_mutton": {
            "trigger": "consume_item",
            "conditions": {
                "item": {
					"items": [
						"minecraft:cooked_mutton"
					]
                }
            }
        }
    }
}