{
    "display": {
        "icon": {
            "item": "minecraft:player_head",
			"nbt": "{SkullOwner:{Id:[I;652293181,-950186350,-1857676489,-1403293903],Properties:{textures:[{Value:\"eyJ0ZXh0dXJlcyI6eyJTS0lOIjp7InVybCI6Imh0dHA6Ly90ZXh0dXJlcy5taW5lY3JhZnQubmV0L3RleHR1cmUvZWExNWQwNWQwYTg2ODk2OGM2NjhiNWQ4NmM0MDgzMDUzZWJlOWZkZWE5Y2U0YWExMzE1MDM1ZDNiYTg4NDNkIn19fQ==\"}]}}}"
        },
        "title": {"translate":"The Beginning"},
        "description": {"color":"#75E1FF","translate":"Say goodbye to the Wither..."},
		"frame": "goal"
    },
    "parent": "minecraft:end/respawn_dragon",
    "rewards": {
        "function": "bc_rewards:end/the_beginning"
    },		
    "criteria": {
        "wither": {
            "trigger": "minecraft:player_killed_entity",
            "conditions": {
                "entity": {
                    "type": "wither",
					"location": {
						"dimension": "the_end"
					}
                }
            }
        }
    }
}