{
    "display": {
        "icon": {
            "item": "minecraft:obsidian"
        },
        "title": {"translate":"Void Walker"},
        "description": {"color":"#75E1FF","translate":"Explore every end biome"},
        "frame": "goal"
    },
    "parent": "minecraft:end/enter_end_gateway",	
    "rewards": {
		"function": "bc_rewards:end/void_walker"
    },	
    "criteria": {
        "sky": {
            "trigger": "minecraft:location",
            "conditions": {
                "biome": "minecraft:the_end"
            }
        },
        "sky_island_low": {
            "trigger": "minecraft:location",
            "conditions": {
                "biome": "minecraft:small_end_islands"
            }
        },
        "sky_island_high": {
            "trigger": "minecraft:location",
            "conditions": {
                "biome": "minecraft:end_highlands"
            }
        },
        "sky_island_medium": {
            "trigger": "minecraft:location",
            "conditions": {
                "biome": "minecraft:end_midlands"
            }
        },
        "sky_island_barren": {
            "trigger": "minecraft:location",
            "conditions": {
                "biome": "minecraft:end_barrens"
            }
        }
    }
}