{
    "display": {
        "icon": {
            "item": "minecraft:tipped_arrow",
			"nbt": "{Potion:\"minecraft:leaping\"}"
        },
        "title": {"translate":"Justice"},
        "description": {"translate":"Kill each type of Illager with a single crossbow arrow"},
		"frame": "challenge"
    },
    "parent": "blazeandcave:adventure/superhero_of_the_village",
    "rewards": {
        "function": "bc_rewards:adventure/justice"
    },	
	"criteria": {
		"arbalistic": {
			"trigger": "minecraft:killed_by_crossbow",
			"conditions": {
				"victims": [
					{
						"type": "minecraft:pillager"
					},
					{
						"type": "minecraft:vindicator"
					},
					{
						"type": "minecraft:evoker"
					},
					{
						"type": "minecraft:ravager"
					},
					{
						"type": "minecraft:witch"
					}
				]
			}
		}
	}
}