{
    "display": {
        "icon": {
            "item": "minecraft:bell"
        },
        "title": {"translate":"Oh, look, it dings!"},
        "description": {"translate":"Ring a bell in a village"}
    },
    "parent": "blazeandcave:adventure/do_you_want_to_trade",
	"rewards": {
		"function": "bc_rewards:adventure/oh_look_it_dings"
    },		
    "criteria": {
        "bell": {
			"trigger": "minecraft:item_used_on_block",
			"conditions": {
				"location": {
					"block": {
						"blocks": [
							"minecraft:bell"
						]
					},
					"feature": "village"
				}
			}
		}
    }
}