{
    "display": {
        "icon": {
            "item": "minecraft:trident"
        },
        "title": {"translate":"Boomerang"},
        "description": {"color":"#75E1FF","translate":"Turn your trident into a boomerang by getting Loyalty on it"},
		"frame": "goal"
    },
    "parent": "blazeandcave:enchanting/librarian",
    "rewards": {
		"function": "bc_rewards:enchanting/boomerang"
    },			
    "criteria": {
        "power": {
            "trigger": "minecraft:inventory_changed",
            "conditions": {
				"items": [
					{
						"items": [
							"minecraft:trident"
						],
						"enchantments": [
							{
								"enchantment": "minecraft:loyalty"
							}
						]
					}
				]
			}
		}
    }
}