{
    "display": {
        "icon": {
            "item": "minecraft:ice"
        },
        "title": {"translate":"Let It Go!"},
        "description": {"color":"#75E1FF","translate":"Obtain boots enchanted with Frost Walker"},
		"frame": "goal"
    },
    "parent": "blazeandcave:enchanting/heavy_metal",
    "rewards": {
		"function": "bc_rewards:enchanting/let_it_go"
    },			
    "criteria": {
        "frost_walker": {
            "trigger": "minecraft:inventory_changed",
            "conditions": {
				"items": [
					{
						"items": [
							"minecraft:leather_boots",
							"minecraft:chainmail_boots",
							"minecraft:golden_boots",
							"minecraft:iron_boots",
							"minecraft:diamond_boots",
							"minecraft:netherite_boots"
						],					
						"enchantments": [
							{
								"enchantment": "minecraft:frost_walker"
							}
						]
					}
				]
			}
		}		
    }
}