{
    "display": {
        "icon": {
            "item": "minecraft:crossbow",
			"nbt": "{Enchantments:[{id:\"minecraft:unbreaking\",lvl:1}]}"
        },
        "title": {"translate":"Master Arbalist"},
        "description": {"translate":"Create a crossbow with all possible enchantments at max level"},
		"frame": "challenge"
    },
    "parent": "blazeandcave:enchanting/master_sniper",
    "rewards": {
		"function": "bc_rewards:enchanting/master_arbalist"
    },		
    "criteria": {
        "perfect_bow_multishot": {
            "trigger": "minecraft:inventory_changed",
            "conditions": {
				"items": [
                    {
						"items": [
							"minecraft:crossbow"
						],
						"enchantments": [
							{
								"enchantment": "minecraft:quick_charge",
								"levels": 3
							},
							{
								"enchantment": "minecraft:multishot",
								"levels": 1
							},
							{
								"enchantment": "minecraft:mending",
								"levels": 1
							},
							{
								"enchantment": "minecraft:unbreaking",
								"levels": 3
							}	
						]
                    }
                ]
            }
        },
        "perfect_bow_piercing": {
            "trigger": "minecraft:inventory_changed",
            "conditions": {
				"items": [
                    {
						"items": [
							"minecraft:crossbow"
						],
						"enchantments": [
							{
								"enchantment": "minecraft:quick_charge",
								"levels": 3
							},						
							{
								"enchantment": "minecraft:piercing",
								"levels": 4
							},
							{
								"enchantment": "minecraft:mending",
								"levels": 1
							},
							{
								"enchantment": "minecraft:unbreaking",
								"levels": 3
							}	
						]
                    }
                ]
            }
        }
    },
    "requirements": [
        [
            "perfect_bow_multishot",
            "perfect_bow_piercing"
        ]
    ]
}