{
    "display": {
        "icon": {
            "item": "minecraft:painting"
        },
        "title": {"translate":"A Masterpiece!"},
        "description": {"translate":"Put up a painting"}
    },
    "parent": "blazeandcave:building/its_a_sign",
	"rewards": {
		"function": "bc_rewards:building/a_masterpiece"
    },		
    "criteria": {
        "painting": {
			"trigger": "minecraft:item_used_on_block",
			"conditions": {
				"item": {
					"items": [
						"minecraft:painting"
					]
				}
			}
        }
    }
}