{
    "display": {
        "icon": {
            "item": "minecraft:iron_door"
        },
        "title": {"translate":"Aaaaaand... OPEN!"},
        "description": {"translate":"Craft and place an iron door"}
    },
    "parent": "blazeandcave:building/its_a_trap",
	"rewards": {
		"function": "bc_rewards:building/and_open"
    },		
    "criteria": {
        "iron_door": {
            "trigger": "minecraft:placed_block",
            "conditions": {
				"block": "minecraft:iron_door"
            }
        }		
    }
}