{
    "display": {
        "icon": {
            "item": "minecraft:blast_furnace"
        },
        "title": {"translate":"Blast it!"},
        "description": {"color":"#75E1FF","translate":"Upgrade your furnace to a blast furnace using iron and smooth stone for smelting ores quicker"},
		"frame": "goal"
    },
    "parent": "blazeandcave:building/smooth_dude",
    "rewards": {
		"function": "bc_rewards:building/blast_it"
    },		
    "criteria": {
        "blast_furnace": {
            "trigger": "minecraft:inventory_changed",
            "conditions": {
                "items": [
                    {
						"items": [
							"minecraft:blast_furnace"
						]
                    }
                ]
            }
        }
    }
}