{
    "display": {
        "icon": {
            "item": "minecraft:campfire"
        },
        "title": {"translate":"Camping Out"},
        "description": {"translate":"Craft and place a campfire using some logs, sticks and coal"}
    },
    "parent": "blazeandcave:building/torched",
	"rewards": {
		"function": "bc_rewards:building/camping_out"
    },		
    "criteria": {
        "campfire": {
            "trigger": "minecraft:placed_block",
            "conditions": {
				"block": "minecraft:campfire"
            }
        }
    }
}