{
    "display": {
        "icon": {
            "item": "minecraft:oak_slab"
        },
        "title": {"translate":"Cut In Half"},
        "description": {"translate":"Craft some slabs"}
    },
    "parent": "blazeandcave:building/your_door_was_locked",
    "rewards": {
        "function": "bc_rewards:building/cut_in_half"
    },		
    "criteria": {
        "stone_slab": {
            "trigger": "minecraft:inventory_changed",
            "conditions": {
                "items": [
                    {
						"items": [
							"minecraft:stone_slab"
						]
                    }
                ]
            }
        },
        "sandstone_slab": {
            "trigger": "minecraft:inventory_changed",
            "conditions": {
                "items": [
                    {
						"items": [
							"minecraft:sandstone_slab"
						]
                    }
                ]
            }
        },
		"cobblestone_slab": {
            "trigger": "minecraft:inventory_changed",
            "conditions": {
                "items": [
                    {
						"items": [
							"minecraft:cobblestone_slab"
						]
                    }
                ]
            }
        },
        "brick_slab": {
            "trigger": "minecraft:inventory_changed",
            "conditions": {
                "items": [
                    {
						"items": [
							"minecraft:brick_slab"
						]
                    }
                ]
            }
        },
        "stone_brick_slab": {
            "trigger": "minecraft:inventory_changed",
            "conditions": {
                "items": [
                    {
						"items": [
							"minecraft:stone_brick_slab"
						]
                    }
                ]
            }
        },
        "nether_brick_slab": {
            "trigger": "minecraft:inventory_changed",
            "conditions": {
                "items": [
                    {
						"items": [
							"minecraft:nether_brick_slab"
						]
                    }
                ]
            }
        },
        "quartz_slab": {
            "trigger": "minecraft:inventory_changed",
            "conditions": {
                "items": [
                    {
						"items": [
							"minecraft:quartz_slab"
						]
                    }
                ]
            }
        },
        "oak_slab": {
            "trigger": "minecraft:inventory_changed",
            "conditions": {
                "items": [
                    {
						"items": [
							"minecraft:oak_slab"
						]
                    }
                ]
            }
        },
        "spruce_slab": {
            "trigger": "minecraft:inventory_changed",
            "conditions": {
                "items": [
                    {
						"items": [
							"minecraft:spruce_slab"
						]
                    }
                ]
            }
        },
        "birch_slab": {
            "trigger": "minecraft:inventory_changed",
            "conditions": {
                "items": [
                    {
						"items": [
							"minecraft:birch_slab"
						]
                    }
                ]
            }
        },
        "jungle_slab": {
            "trigger": "minecraft:inventory_changed",
            "conditions": {
                "items": [
                    {
						"items": [
							"minecraft:jungle_slab"
						]
                    }
                ]
            }
        },
        "acacia_slab": {
            "trigger": "minecraft:inventory_changed",
            "conditions": {
                "items": [
                    {
						"items": [
							"minecraft:acacia_slab"
						]
                    }
                ]
            }
        },
        "dark_oak_slab": {
            "trigger": "minecraft:inventory_changed",
            "conditions": {
                "items": [
                    {
						"items": [
							"minecraft:dark_oak_slab"
						]
                    }
                ]
            }
        },
        "red_sandstone_slab": {
            "trigger": "minecraft:inventory_changed",
            "conditions": {
                "items": [
                    {
						"items": [
							"minecraft:red_sandstone_slab"
						]
                    }
                ]
            }
        },
        "purpur_slab": {
            "trigger": "minecraft:inventory_changed",
            "conditions": {
                "items": [
                    {
						"items": [
							"minecraft:purpur_slab"
						]
                    }
                ]
            }
        },
        "prismarine_slab": {
            "trigger": "minecraft:inventory_changed",
            "conditions": {
                "items": [
                    {
						"items": [
							"minecraft:prismarine_slab"
						]
                    }
                ]
            }
        },
        "prismarine_bricks_slab": {
            "trigger": "minecraft:inventory_changed",
            "conditions": {
                "items": [
                    {
						"items": [
							"minecraft:prismarine_brick_slab"
						]
                    }
                ]
            }
        },
        "dark_prismarine_slab": {
            "trigger": "minecraft:inventory_changed",
            "conditions": {
                "items": [
                    {
						"items": [
							"minecraft:dark_prismarine_slab"
						]
                    }
                ]
            }
        },
        "smooth_stone_slab": {
            "trigger": "minecraft:inventory_changed",
            "conditions": {
                "items": [
                    {
						"items": [
							"minecraft:smooth_stone_slab"
						]
                    }
                ]
            }
        },
        "polished_granite_slab": {
            "trigger": "minecraft:inventory_changed",
            "conditions": {
                "items": [
                    {
						"items": [
							"minecraft:polished_granite_slab"
						]
                    }
                ]
            }
        },
        "smooth_red_sandstone_slab": {
            "trigger": "minecraft:inventory_changed",
            "conditions": {
                "items": [
                    {
						"items": [
							"minecraft:smooth_red_sandstone_slab"
						]
                    }
                ]
            }
        },
        "mossy_stone_brick_slab": {
            "trigger": "minecraft:inventory_changed",
            "conditions": {
                "items": [
                    {
						"items": [
							"minecraft:mossy_stone_brick_slab"
						]
                    }
                ]
            }
        },
        "polished_diorite_slab": {
            "trigger": "minecraft:inventory_changed",
            "conditions": {
                "items": [
                    {
						"items": [
							"minecraft:polished_diorite_slab"
						]
                    }
                ]
            }
        },
        "mossy_cobblestone_slab": {
            "trigger": "minecraft:inventory_changed",
            "conditions": {
                "items": [
                    {
						"items": [
							"minecraft:mossy_cobblestone_slab"
						]
                    }
                ]
            }
        },
        "end_stone_brick_slab": {
            "trigger": "minecraft:inventory_changed",
            "conditions": {
                "items": [
                    {
						"items": [
							"minecraft:end_stone_brick_slab"
						]
                    }
                ]
            }
        },
        "smooth_sandstone_slab": {
            "trigger": "minecraft:inventory_changed",
            "conditions": {
                "items": [
                    {
						"items": [
							"minecraft:smooth_sandstone_slab"
						]
                    }
                ]
            }
        },
        "smooth_quartz_slab": {
            "trigger": "minecraft:inventory_changed",
            "conditions": {
                "items": [
                    {
						"items": [
							"minecraft:smooth_quartz_slab"
						]
                    }
                ]
            }
        },
        "granite_slab": {
            "trigger": "minecraft:inventory_changed",
            "conditions": {
                "items": [
                    {
						"items": [
							"minecraft:granite_slab"
						]
                    }
                ]
            }
        },
        "andesite_slab": {
            "trigger": "minecraft:inventory_changed",
            "conditions": {
                "items": [
                    {
						"items": [
							"minecraft:andesite_slab"
						]
                    }
                ]
            }
        },
        "red_nether_brick_slab": {
            "trigger": "minecraft:inventory_changed",
            "conditions": {
                "items": [
                    {
						"items": [
							"minecraft:red_nether_brick_slab"
						]
                    }
                ]
            }
        },
        "polished_andesite_slab": {
            "trigger": "minecraft:inventory_changed",
            "conditions": {
                "items": [
                    {
						"items": [
							"minecraft:polished_andesite_slab"
						]
                    }
                ]
            }
        },
        "diorite_slab": {
            "trigger": "minecraft:inventory_changed",
            "conditions": {
                "items": [
                    {
						"items": [
							"minecraft:diorite_slab"
						]
                    }
                ]
            }
        },
        "cut_sandstone_slab": {
            "trigger": "minecraft:inventory_changed",
            "conditions": {
                "items": [
                    {
						"items": [
							"minecraft:cut_sandstone_slab"
						]
                    }
                ]
            }
        },
        "cut_red_sandstone_slab": {
            "trigger": "minecraft:inventory_changed",
            "conditions": {
                "items": [
                    {
						"items": [
							"minecraft:cut_red_sandstone_slab"
						]
                    }
                ]
            }
        },
        "crimson_slab": {
            "trigger": "minecraft:inventory_changed",
            "conditions": {
                "items": [
                    {
						"items": [
							"minecraft:crimson_slab"
						]
                    }
                ]
            }
        },
        "warped_slab": {
            "trigger": "minecraft:inventory_changed",
            "conditions": {
                "items": [
                    {
						"items": [
							"minecraft:warped_slab"
						]
                    }
                ]
            }
        },
        "blackstone_slab": {
            "trigger": "minecraft:inventory_changed",
            "conditions": {
                "items": [
                    {
						"items": [
							"minecraft:blackstone_slab"
						]
                    }
                ]
            }
        },
        "polished_blackstone_slab": {
            "trigger": "minecraft:inventory_changed",
            "conditions": {
                "items": [
                    {
						"items": [
							"minecraft:polished_blackstone_slab"
						]
                    }
                ]
            }
        },
        "polished_blackstone_brick_slab": {
            "trigger": "minecraft:inventory_changed",
            "conditions": {
                "items": [
                    {
						"items": [
							"minecraft:polished_blackstone_brick_slab"
						]
                    }
                ]
            }
        },
        "cut_copper_slab": {
            "trigger": "minecraft:inventory_changed",
            "conditions": {
                "items": [
                    {
						"items": [
							"minecraft:cut_copper_slab"
						]
                    }
                ]
            }
        },
        "exposed_cut_copper_slab": {
            "trigger": "minecraft:inventory_changed",
            "conditions": {
                "items": [
                    {
						"items": [
							"minecraft:exposed_cut_copper_slab"
						]
                    }
                ]
            }
        },
        "weathered_cut_copper_slab": {
            "trigger": "minecraft:inventory_changed",
            "conditions": {
                "items": [
                    {
						"items": [
							"minecraft:weathered_cut_copper_slab"
						]
                    }
                ]
            }
        },
        "oxidized_cut_copper_slab": {
            "trigger": "minecraft:inventory_changed",
            "conditions": {
                "items": [
                    {
						"items": [
							"minecraft:oxidized_cut_copper_slab"
						]
                    }
                ]
            }
        },
        "waxed_cut_copper_slab": {
            "trigger": "minecraft:inventory_changed",
            "conditions": {
                "items": [
                    {
						"items": [
							"minecraft:waxed_cut_copper_slab"
						]
                    }
                ]
            }
        },
        "waxed_exposed_cut_copper_slab": {
            "trigger": "minecraft:inventory_changed",
            "conditions": {
                "items": [
                    {
						"items": [
							"minecraft:waxed_exposed_cut_copper_slab"
						]
                    }
                ]
            }
        },
        "waxed_weathered_cut_copper_slab": {
            "trigger": "minecraft:inventory_changed",
            "conditions": {
                "items": [
                    {
						"items": [
							"minecraft:waxed_weathered_cut_copper_slab"
						]
                    }
                ]
            }
        },
        "cobbled_deepslate_slab": {
            "trigger": "minecraft:inventory_changed",
            "conditions": {
                "items": [
                    {
						"items": [
							"minecraft:cobbled_deepslate_slab"
						]
                    }
                ]
            }
        },
        "polished_deepslate_slab": {
            "trigger": "minecraft:inventory_changed",
            "conditions": {
                "items": [
                    {
						"items": [
							"minecraft:polished_deepslate_slab"
						]
                    }
                ]
            }
        },
        "deepslate_brick_slab": {
            "trigger": "minecraft:inventory_changed",
            "conditions": {
                "items": [
                    {
						"items": [
							"minecraft:deepslate_brick_slab"
						]
                    }
                ]
            }
        },
        "deepslate_tile_slab": {
            "trigger": "minecraft:inventory_changed",
            "conditions": {
                "items": [
                    {
						"items": [
							"minecraft:deepslate_tile_slab"
						]
                    }
                ]
            }
        }
	},
    "requirements": [
		[
        "stone_slab",
        "sandstone_slab",
		"cobblestone_slab",
		"brick_slab",
		"stone_brick_slab",
		"nether_brick_slab",
		"quartz_slab",
        "oak_slab",
        "spruce_slab",
		"birch_slab",
		"jungle_slab",
		"acacia_slab",
		"dark_oak_slab",
		"red_sandstone_slab",
		"purpur_slab",
		"prismarine_slab",
		"dark_prismarine_slab",
		"prismarine_bricks_slab",
		"smooth_quartz_slab",
		"smooth_red_sandstone_slab",
		"smooth_stone_slab",
		"smooth_sandstone_slab",
		"diorite_slab",
		"granite_slab",
		"andesite_slab",
		"polished_andesite_slab",
		"polished_granite_slab",
		"polished_diorite_slab",
		"red_nether_brick_slab",
		"end_stone_brick_slab",
		"mossy_cobblestone_slab",
		"mossy_stone_brick_slab",
		"cut_red_sandstone_slab",
		"cut_sandstone_slab",
		"crimson_slab",
		"warped_slab",
		"blackstone_slab",
		"polished_blackstone_slab",
		"polished_blackstone_brick_slab",
		"cut_copper_slab",
		"exposed_cut_copper_slab",
		"weathered_cut_copper_slab",
		"oxidized_cut_copper_slab",
		"waxed_cut_copper_slab",
		"waxed_exposed_cut_copper_slab",
		"waxed_weathered_cut_copper_slab",
		"cobbled_deepslate_slab",
		"polished_deepslate_slab",
		"deepslate_brick_slab",
		"deepslate_tile_slab"
		]
    ]
}