{
    "display": {
        "icon": {
            "item": "minecraft:deepslate_tiles"
        },
        "title": {"translate":"Deepslate Conspiracy"},
        "description": {"translate":"Craft all forms of Deepslate, Polished Deepslate, Deepslate Bricks and Deepslate Tiles"}
    },
    "parent": "blazeandcave:building/fake_stronghold",
    "rewards": {
        "function": "bc_rewards:building/deepslate_conspiracy"
    },		
    "criteria": {
        "deepslate": {
            "trigger": "minecraft:inventory_changed",
            "conditions": {
                "items": [
                    {
						"items": [
							"minecraft:deepslate"
						]
                    }
                ]
            }
        },
        "cobbled_deepslate": {
            "trigger": "minecraft:inventory_changed",
            "conditions": {
                "items": [
                    {
						"items": [
							"minecraft:cobbled_deepslate"
						]
                    }
                ]
            }
        },
        "cobbled_deepslate_slab": {
            "trigger": "minecraft:inventory_changed",
            "conditions": {
                "items": [
                    {
						"items": [
							"minecraft:cobbled_deepslate_slab"
						]
                    }
                ]
            }
        },
        "cobbled_deepslate_stairs": {
            "trigger": "minecraft:inventory_changed",
            "conditions": {
                "items": [
                    {
						"items": [
							"minecraft:cobbled_deepslate_stairs"
						]
                    }
                ]
            }
        },
        "cobbled_deepslate_wall": {
            "trigger": "minecraft:inventory_changed",
            "conditions": {
                "items": [
                    {
						"items": [
							"minecraft:cobbled_deepslate_wall"
						]
                    }
                ]
            }
        },
        "polished_deepslate": {
            "trigger": "minecraft:inventory_changed",
            "conditions": {
                "items": [
                    {
						"items": [
							"minecraft:polished_deepslate"
						]
                    }
                ]
            }
        },
        "polished_deepslate_slab": {
            "trigger": "minecraft:inventory_changed",
            "conditions": {
                "items": [
                    {
						"items": [
							"minecraft:polished_deepslate_slab"
						]
                    }
                ]
            }
        },
        "polished_deepslate_stairs": {
            "trigger": "minecraft:inventory_changed",
            "conditions": {
                "items": [
                    {
						"items": [
							"minecraft:polished_deepslate_stairs"
						]
                    }
                ]
            }
        },
        "polished_deepslate_wall": {
            "trigger": "minecraft:inventory_changed",
            "conditions": {
                "items": [
                    {
						"items": [
							"minecraft:polished_deepslate_wall"
						]
                    }
                ]
            }
        },
        "deepslate_bricks": {
            "trigger": "minecraft:inventory_changed",
            "conditions": {
                "items": [
                    {
						"items": [
							"minecraft:deepslate_bricks"
						]
                    }
                ]
            }
        },
        "deepslate_brick_slab": {
            "trigger": "minecraft:inventory_changed",
            "conditions": {
                "items": [
                    {
						"items": [
							"minecraft:deepslate_brick_slab"
						]
                    }
                ]
            }
        },
        "deepslate_brick_stairs": {
            "trigger": "minecraft:inventory_changed",
            "conditions": {
                "items": [
                    {
						"items": [
							"minecraft:deepslate_brick_stairs"
						]
                    }
                ]
            }
        },
        "deepslate_brick_wall": {
            "trigger": "minecraft:inventory_changed",
            "conditions": {
                "items": [
                    {
						"items": [
							"minecraft:deepslate_brick_wall"
						]
                    }
                ]
            }
        },
        "deepslate_tiles": {
            "trigger": "minecraft:inventory_changed",
            "conditions": {
                "items": [
                    {
						"items": [
							"minecraft:deepslate_tiles"
						]
                    }
                ]
            }
        },
        "deepslate_tile_slab": {
            "trigger": "minecraft:inventory_changed",
            "conditions": {
                "items": [
                    {
						"items": [
							"minecraft:deepslate_tile_slab"
						]
                    }
                ]
            }
        },
        "deepslate_tile_stairs": {
            "trigger": "minecraft:inventory_changed",
            "conditions": {
                "items": [
                    {
						"items": [
							"minecraft:deepslate_tile_stairs"
						]
                    }
                ]
            }
        },
        "deepslate_tile_wall": {
            "trigger": "minecraft:inventory_changed",
            "conditions": {
                "items": [
                    {
						"items": [
							"minecraft:deepslate_tile_wall"
						]
                    }
                ]
            }
        },
        "chiseled_deepslate": {
            "trigger": "minecraft:inventory_changed",
            "conditions": {
                "items": [
                    {
						"items": [
							"minecraft:chiseled_deepslate"
						]
                    }
                ]
            }
        },
        "cracked_deepslate_bricks": {
            "trigger": "minecraft:inventory_changed",
            "conditions": {
                "items": [
                    {
						"items": [
							"minecraft:cracked_deepslate_bricks"
						]
                    }
                ]
            }
        },
        "cracked_deepslate_tiles": {
            "trigger": "minecraft:inventory_changed",
            "conditions": {
                "items": [
                    {
						"items": [
							"minecraft:cracked_deepslate_tiles"
						]
                    }
                ]
            }
        }
	}		
}