{
    "display": {
        "icon": {
            "item": "minecraft:oak_sign"
        },
        "title": {"translate":"It's a Sign!"},
        "description": {"translate":"Craft and place a sign"}
    },
    "parent": "blazeandcave:building/stationary_storage",
	"rewards": {
		"function": "bc_rewards:building/its_a_sign"
    },		
    "criteria": {
        "oak_sign": {
            "trigger": "minecraft:placed_block",
            "conditions": {
                "item": {			
					"items": [
						"minecraft:oak_sign"
					]
				}
            }
        },
        "spruce_sign": {
            "trigger": "minecraft:placed_block",
            "conditions": {
                "item": {				
					"items": [
						"minecraft:spruce_sign"
					]
				}
            }
        },	
        "birch_sign": {
            "trigger": "minecraft:placed_block",
            "conditions": {
                "item": {			
					"items": [
						"minecraft:birch_sign"
					]
				}
            }
        },
        "jungle_sign": {
            "trigger": "minecraft:placed_block",
            "conditions": {
				"item": {
					"items": [
						"minecraft:jungle_sign"
					]
				}
            }
        },
        "acacia_sign": {
            "trigger": "minecraft:placed_block",
            "conditions": {
				"item": {
					"items": [
						"minecraft:acacia_sign"
					]
				}
            }
        },
        "dark_oak_sign": {
            "trigger": "minecraft:placed_block",
            "conditions": {
				"item": {
					"items": [
						"minecraft:dark_oak_sign"
					]
				}
            }
        },
        "crimson_sign": {
            "trigger": "minecraft:placed_block",
            "conditions": {
				"item": {
					"items": [
						"minecraft:crimson_sign"
					]
				}
            }
        },
        "warped_sign": {
            "trigger": "minecraft:placed_block",
            "conditions": {
				"item": {
					"items": [
						"minecraft:warped_sign"
					]
				}
            }
        }
    },
    "requirements": [
		[
        "oak_sign",
        "spruce_sign",
		"birch_sign",
		"jungle_sign",
		"acacia_sign",
		"dark_oak_sign",
		"crimson_sign",
		"warped_sign"
		]
    ]
}