{
    "display": {
        "icon": {
            "item": "minecraft:stripped_oak_wood"
        },
        "title": {"translate":"Lost Its Bark"},
        "description": {"translate":"Strip a bark block of its bark"}
    },
    "parent": "blazeandcave:building/barking_mad",
    "rewards": {
        "function": "bc_rewards:building/lost_its_bark"
    },		
    "criteria": {
		"stripped_wood": {
			"trigger": "minecraft:item_used_on_block",
			"conditions": {
				"location": {
					"block": {
						"tag": "minecraft:stripped_wood"
					}
				},
				"item": {
					"tag": "minecraft:axes"
				}
			}
		}
	}
}